,x1,x2,y1,y2
0,381.5555788012037,381.4857919092502,323.795071,321.795071
1,381.19954137295804,381.02558275955124,327.728714,325.728714
2,378.4889065466042,378.4501555849657,321.217857,319.217857
3,377.09751184765764,377.275768634524,323.250858,321.250858
4,376.7985164639106,376.83953574641623,316.354012,314.354012
5,375.53718826293584,375.4903147321251,316.619663,314.619663
6,376.29851669693517,376.31339966116354,332.029029,330.029029
7,375.22063220669224,375.38748828598045,322.630856,320.630856
8,377.1387243005747,377.1361985811009,327.694857,325.694857
9,378.02975631953836,378.09727464327455,319.978285,317.978285
10,378.3622991014504,378.74331849744635,322.148571,320.148571
11,380.18376050931647,379.8948914756768,323.595428,321.595428
12,383.82313544858425,383.5501191453741,325.765714,323.765714
13,384.4081078292995,384.4461715953904,329.14171400000004,327.14171400000004
14,382.6588090961387,382.65871014976494,324.318856,322.318856
15,381.91913417779847,381.97976174623295,326.971428,324.971428
16,380.32390665207924,380.19693765161793,324.077714,322.077714
17,376.9728601313741,377.1531873499106,327.212571,325.212571
18,375.5667612105792,375.59540246414684,328.659428,326.659428
19,376.5478047463487,376.5619212068802,327.212571,325.212571
20,378.6218743044433,378.5676106762836,332.035428,330.035428
21,379.73179517897745,379.6571679876326,327.212571,325.212571
22,380.78532109358696,380.75804764097353,332.758857,330.758857
23,377.83717869272937,377.7801847013957,322.630856,320.630856
24,377.6023289444954,377.55297159697767,323.354285,321.354285
25,380.99567913689964,380.7894766517275,317.08457000000004,315.08457000000004
26,381.7221440426183,381.85749077161023,318.531427,316.531427
27,379.80505596837384,379.5532776581733,326.24799900000005,324.24799900000005
28,381.3132322281998,381.082801259858,325.524571,323.524571
29,383.02356659822294,383.0599081805119,333.723429,331.723429
30,383.0425594169278,382.7014328664668,328.659428,326.659428
31,383.14404661380706,383.08694892103296,336.376,334.376
32,383.98948957463483,383.833067348544,329.14171400000004,327.14171400000004
33,382.3962881586898,382.2679514729219,329.382857,327.382857
34,378.58032015380695,378.5930378193367,324.077714,322.077714
35,376.41808277910195,376.2197463935461,318.290285,316.290285
36,376.1086319395533,376.07893642804834,321.18399900000003,319.18399900000003
37,374.61863249684586,374.70036295689204,318.290285,316.290285
38,376.9277290688635,376.4730500094487,326.971428,324.971428
39,376.34027977381265,376.6704122566549,327.212571,325.212571
40,378.0376667362002,378.04558970275383,330.106285,328.106285
41,379.3698562339539,379.28179702112374,334.929143,332.929143
42,380.28469610271645,380.3057794441154,331.55314300000003,329.55314300000003
43,380.25720455371203,380.2583110325204,332.517714,330.517714
44,379.1958283512099,379.23244643027476,323.113142,321.113142
45,379.4661355192005,379.3704606940944,323.836571,321.836571
46,379.7029751775235,379.2744006662715,327.936,325.936
47,380.19569452116775,379.86984518675,325.765714,323.765714
48,382.2142680859747,382.3304815586668,333.0,331.0
49,384.32980520032515,384.5513907371758,327.453714,325.453714
50,389.11798129752606,389.230936246561,335.170286,333.170286
51,391.7900624124459,391.60954928112574,330.347428,328.347428
52,395.3624951044625,395.22540141359383,335.170286,333.170286
53,396.7046689915904,396.6414205930024,333.723429,331.723429
54,399.8192600837398,399.90483665661054,328.659428,326.659428
55,406.7345034886746,406.2771765594893,329.382857,327.382857
56,407.34154019237167,407.3177698250006,323.836571,321.836571
57,410.6408709421444,410.3683449519401,329.624,327.624
58,408.9620255748054,408.9024319452013,324.559999,322.559999
59,413.33977065497,413.1327728788258,333.96457200000003,331.96457200000003
60,412.6335797230706,412.7683163171726,335.893715,333.893715
61,413.94108351712447,413.7566393485561,337.581715,335.581715
62,415.54807688258074,415.48443662197906,338.78742900000003,336.78742900000003
63,415.5209930811768,415.24425185356415,335.411429,333.411429
64,413.9066835666208,413.93870183009415,336.134857,334.134857
65,411.53361796127274,411.6894218829201,330.106285,328.106285
66,410.9156327065717,410.7357875994442,335.170286,333.170286
67,409.0375731541145,409.04696837347853,322.148571,320.148571
68,410.1229684632401,409.975254615103,324.318856,322.318856
69,412.33677027484373,412.148851766241,334.688,332.688
70,413.8016956003278,413.64376035045683,332.517714,330.517714
71,414.2485166270469,414.0707708884109,340.957715,338.957715
72,414.8713888643889,414.6856472313374,337.581715,335.581715
73,416.6925949764273,416.6289982604914,342.645715,340.645715
74,417.4441940790093,417.7074480977664,338.064,336.064
75,420.1078488193393,420.27404536011505,338.30514300000004,336.30514300000004
76,422.89170293727784,422.4919056749168,336.134857,334.134857
77,423.6483431105022,423.72579755658916,333.96457200000003,331.96457200000003
78,422.24635873002865,422.2111574836417,338.064,336.064
79,421.86059714323005,421.69142840305074,334.688,332.688
80,422.41123113755884,422.2786500420217,341.681144,339.681144
81,419.79337583919096,419.9664550318994,336.617143,334.617143
82,420.3165910672785,420.044598544991,342.645715,340.645715
83,418.8612370600915,418.8515120319676,338.30514300000004,336.30514300000004
84,419.05244509240913,419.0765605826523,339.028572,337.028572
85,418.33923953557337,418.3141729969618,337.340572,335.340572
86,418.66495429851074,418.5587577547701,335.411429,333.411429
87,421.3741002880098,421.2652615574856,338.064,336.064
88,419.16856384839525,419.10424856057307,330.829714,328.829714
89,418.8365422797676,418.8693982965654,335.411429,333.411429
90,418.9223871232331,418.96120180958803,330.829714,328.829714
91,420.39481917908927,420.544005853833,336.858286,334.858286
92,422.4607221598601,422.48492530591466,331.794286,329.794286
93,427.9218349750422,427.6708421371521,334.688,332.688
94,430.75783437206104,430.78306844104526,332.517714,330.517714
95,432.57331481625556,432.67557694116806,330.829714,328.829714
96,433.4695675300916,433.1982193885062,336.134857,334.134857
97,435.2753216403939,434.92799223437214,334.688,332.688
98,436.2310510651049,436.0939240909159,339.510858,337.510858
99,435.32784833119695,435.12954991625264,333.96457200000003,331.96457200000003
100,436.130276718365,436.13195408326754,340.475429,338.475429
101,435.9699087885477,435.79302834891195,336.134857,334.134857
102,437.7254587770624,437.5760622055092,337.340572,335.340572
103,438.8928474328402,438.47078031243245,334.688,332.688
104,433.3021982180934,433.03210711884833,333.96457200000003,331.96457200000003
105,425.0547929831241,425.13624454079707,337.340572,335.340572
106,419.3825094230094,419.1427084029105,330.347428,328.347428
107,415.42225249190096,415.14362799121216,333.723429,331.723429
108,407.3949214783079,406.7937463536332,330.347428,328.347428
109,401.59508203556817,401.4654981407207,333.241143,331.241143
110,396.65937359381127,396.6081110955062,330.347428,328.347428
111,392.62382870072906,392.62359784517264,335.411429,333.411429
112,387.69126570078424,387.6279980135299,337.581715,335.581715
113,380.6123565988219,380.6313383854789,339.75200099999995,337.75200099999995
114,371.91658979929764,371.947421867258,339.510858,337.510858
115,365.8591811598242,365.945411173869,333.241143,331.241143
116,361.1702148365631,361.54216037568847,336.858286,334.858286
117,357.6149539786261,357.59889394410715,327.936,325.936
118,355.9278222362175,355.72251336502546,326.73028500000004,324.73028500000004
119,350.938462078851,351.3907868899138,325.042285,323.042285
120,348.4364913512567,348.3128076043274,333.0,331.0
121,344.7984418753318,344.7785699405876,335.893715,333.893715
122,344.2823711185217,344.32211918238966,327.936,325.936
123,344.9560273378802,345.2638674477104,333.723429,331.723429
124,345.1314113462827,345.49089956267943,323.113142,321.113142
125,344.3072226362773,344.43913382447454,325.283428,323.283428
126,343.0607137194761,343.34337118161324,319.49599900000004,317.49599900000004
127,340.91867077581674,341.3250059466652,319.254856,317.254856
128,339.46313636355893,339.6252996596686,320.701713,318.701713
129,340.91212537446563,341.23785483452195,319.978285,317.978285
130,342.38236545266227,342.80528883535703,326.73028500000004,324.73028500000004
131,342.7888685555319,343.1673878281747,325.042285,323.042285
132,346.0533185352242,346.369743457591,328.900571,326.900571
133,349.71201016160967,349.5855500796258,323.836571,321.836571
134,351.3734853218848,351.97226456262274,325.042285,323.042285
135,359.07738746554605,359.04029077297935,320.942856,318.942856
136,360.76150427563664,360.9769512270944,316.602284,314.602284
137,362.8481731897613,362.7267343733855,321.666285,319.666285
138,361.3428731959989,361.44510487782964,320.219428,318.219428
139,362.1773093166181,362.2226215908076,331.070857,329.070857
140,360.35615380286674,360.50503914045225,325.283428,323.283428
141,360.88648495276016,361.12742275869135,332.276571,330.276571
142,363.0944770476625,363.2370105031577,326.489142,324.489142
143,364.4090876367354,365.01109079156345,330.106285,328.106285
144,366.9257340948947,367.13272340166986,326.73028500000004,324.73028500000004
145,362.41439774606124,362.4968647466157,321.666285,319.666285
146,357.2664575170588,357.51816638479227,321.425142,319.425142
147,358.17540275023043,358.20743635329467,315.878856,313.878856
148,358.64439384843445,358.81703446636834,327.212571,325.212571
149,356.3279845462164,356.4114258185174,324.318856,322.318856
150,357.23918799665336,357.0384101459938,328.177142,326.177142
151,356.9199993391471,357.20125453704316,328.659428,326.659428
152,355.0812807232394,355.4741443429686,326.489142,324.489142
153,355.0200993445703,354.8902856795825,330.106285,328.106285
154,356.6527081700767,356.9581692220385,320.701713,318.701713
155,357.64989607440543,358.0111052870984,322.871999,320.871999
156,353.0332754870724,353.7793277986554,312.02057,310.02057
157,353.20907718734566,353.26955363162574,316.602284,314.602284
158,351.86292420462905,352.4874986350128,316.602284,314.602284
159,351.944013315328,352.3879429288339,323.595428,321.595428
160,354.99553671557635,355.163972745816,332.276571,330.276571
161,355.7217632513823,356.0450794802895,330.347428,328.347428
162,357.5709625576052,357.5349775625156,333.96457200000003,331.96457200000003
163,356.83221913259297,356.86221406714765,326.489142,324.489142
164,358.0677880731521,358.21588919998806,327.936,325.936
165,356.2205088085607,356.03536950530355,319.254856,317.254856
166,355.07467080743163,355.2942742605939,320.219428,318.219428
167,353.7871915994233,353.9256412119715,319.978285,317.978285
168,356.0399784534302,356.24990545561417,317.325713,315.325713
169,356.36712032641617,356.68035473701036,325.042285,323.042285
170,354.15161271488194,354.1106257459636,320.701713,318.701713
171,355.40887176352817,355.30437201493083,329.624,327.624
172,357.26736357922863,357.4714281910578,326.73028500000004,324.73028500000004
173,357.2749981683746,357.75523638064357,327.453714,325.453714
174,358.80233027453573,359.0124688787916,327.453714,325.453714
175,361.3299383624043,361.5007222550551,322.389713,320.389713
176,362.70888373648586,363.0048864524998,323.836571,321.836571
177,365.5189058848341,365.8752758986582,320.701713,318.701713
178,370.6644134776625,371.1495895297121,327.212571,325.212571
179,375.1942100772467,375.3060026335115,323.595428,321.595428
180,380.0611986711706,380.29114087481565,329.624,327.624
181,388.29579603365676,388.05040579630804,333.96457200000003,331.96457200000003
182,391.87206778470363,391.7992642992628,330.347428,328.347428
183,399.3776935099779,399.0733571318808,332.276571,330.276571
184,396.58099858673427,396.53066605989653,328.177142,326.177142
185,395.47609363566323,395.49222560181016,334.688,332.688
186,395.40866232002577,395.5076366912032,329.624,327.624
187,395.33004095323736,395.3103375336987,330.829714,328.829714
188,396.9791980047137,396.9744140464928,329.382857,327.382857
189,397.8718493843413,397.75266706651433,331.55314300000003,329.55314300000003
190,397.72401390557405,397.68688058175206,335.893715,333.893715
191,394.11455342083127,394.35389965827045,332.517714,330.517714
192,394.21557891195994,394.335550262884,333.0,331.0
193,389.3203263871202,389.2973034460499,328.900571,326.900571
194,388.0638631076689,387.82378687361745,333.96457200000003,331.96457200000003
195,384.58682072754675,384.3900390341247,327.212571,325.212571
196,379.6952403377552,379.8029180968913,329.382857,327.382857
197,375.92879466402826,375.7209035187832,328.900571,326.900571
198,373.08519772223264,373.1435487352172,332.517714,330.517714
199,374.0914890138673,374.0162292967911,337.340572,335.340572
200,370.99482176279764,371.0783761100186,334.446857,332.446857
201,370.77123614840883,370.7913343083663,344.092572,342.092572
202,375.1094984041233,375.164398756073,335.893715,333.893715
203,376.83932075487115,377.0133567975627,343.851429,341.851429
204,372.51548982652594,372.732769154176,336.617143,334.617143
205,370.9964134420825,371.18234094251875,336.134857,334.134857
206,368.97516366446905,369.3144452244624,335.170286,333.170286
207,371.5749920415519,371.9826785600315,330.829714,328.829714
208,376.8709663302231,376.9187549476138,333.96457200000003,331.96457200000003
209,379.12654111315203,379.3772328746521,325.765714,323.765714
210,384.75943070685,384.7953250465353,333.96457200000003,331.96457200000003
211,387.5498915986577,387.67980850647217,325.042285,323.042285
212,387.46136514357113,387.779676450363,332.517714,330.517714
213,384.87946637209154,384.7555627874633,331.070857,329.070857
214,383.90563750982756,384.11942369158413,336.134857,334.134857
215,388.20479142355896,387.967068379114,338.78742900000003,336.78742900000003
216,389.58582421316373,389.7532585146378,338.30514300000004,336.30514300000004
217,390.40659561435086,390.5289700093844,340.234286,338.234286
218,387.58772211941005,387.73962544069013,335.893715,333.893715
219,387.6027770845567,387.6335425552469,336.617143,334.617143
220,381.6978376047025,381.35108140398,333.241143,331.241143
221,376.7797166267562,377.0639542480864,336.134857,334.134857
222,374.7151926427583,374.62931822752665,330.829714,328.829714
223,375.46517459579115,375.5028953094098,332.517714,330.517714
224,374.35598895229367,374.24776985838565,330.106285,328.106285
225,374.4666354047328,374.53972163487015,331.55314300000003,329.55314300000003
226,376.18151123594544,376.1406464468007,336.858286,334.858286
227,375.0002210265179,375.0599958874843,335.411429,333.411429
228,375.79412805118227,376.0873917697302,343.369144,341.369144
229,369.4196747800502,369.38943615616245,339.75200099999995,337.75200099999995
230,367.5177328467659,367.31075536591294,345.298287,343.298287
231,361.3287248028397,361.28117669241675,339.75200099999995,337.75200099999995
232,356.5971997639558,356.6116349682605,340.234286,338.234286
233,351.73285746253873,351.9382998517009,339.75200099999995,337.75200099999995
234,350.06810541803685,350.06302680330015,335.170286,333.170286
235,346.2199925089117,346.6422226333231,334.446857,332.446857
236,341.69374045908785,342.0583547711461,330.829714,328.829714
237,340.61820159705417,340.9681457359116,337.340572,335.340572
238,337.54641067338616,337.9240590807444,334.446857,332.446857
239,338.7169539023214,338.88058208958745,338.064,336.064
240,339.0553862638729,339.14887152176044,339.75200099999995,337.75200099999995
241,338.81056745071754,338.7525137417,338.78742900000003,336.78742900000003
242,335.73101542768,335.63795979333065,340.957715,338.957715
243,333.69743519933184,333.5312004499952,341.19885800000003,339.19885800000003
244,332.14641264489524,332.36644500992026,342.645715,340.645715
245,330.2849993762634,330.8689705849518,334.446857,332.446857
246,331.87345499493927,332.22755137008124,336.858286,334.858286
247,331.2861188015054,331.67446472084555,330.347428,328.347428
248,332.52118836613545,332.7306658956656,333.0,331.0
249,333.27346099912836,333.3495096604831,328.900571,326.900571
250,332.65942611619096,332.7294414127595,329.382857,327.382857
251,330.36594224296095,330.3264221717117,333.241143,331.241143
252,326.1014019333775,326.42230822950705,333.0,331.0
253,325.53080010200745,325.6317831915617,336.617143,334.617143
254,326.3285055142652,326.28279355812475,331.55314300000003,329.55314300000003
255,327.1115424912043,327.1388693777809,335.893715,333.893715
256,327.48375252162646,327.5520676099316,329.624,327.624
257,326.9891280314839,327.17628540906463,334.688,332.688
258,325.9379201791746,325.8988275647608,328.900571,326.900571
259,325.8754243619885,325.89635217713555,335.170286,333.170286
260,327.46092042133614,327.6777870268232,332.276571,330.276571
261,327.97558387470497,328.2387653877005,332.517714,330.517714
262,329.6128378931579,329.7777790630362,335.411429,333.411429
263,334.3138822957764,334.35473978408095,333.0,331.0
264,336.382062197958,336.7830846469676,335.411429,333.411429
265,337.87233585192104,337.96583766456115,330.347428,328.347428
266,340.4751024199933,340.6315673014042,333.96457200000003,331.96457200000003
267,346.5672164742839,346.30775231690313,330.829714,328.829714
268,349.88271212096083,350.00681036662303,334.446857,332.446857
269,350.1607865157282,349.91514611086154,330.829714,328.829714
270,351.1411361432006,351.5011981651988,336.858286,334.858286
271,358.80129904358716,358.51774605062326,336.134857,334.134857
272,359.5264382519815,359.7049302939228,334.688,332.688
273,365.11419081624035,365.218533245079,337.340572,335.340572
274,370.68949109380213,370.51254432761374,338.30514300000004,336.30514300000004
275,378.4281094958941,378.22368193244483,345.298287,343.298287
276,380.90627542646405,380.83759150328865,338.30514300000004,336.30514300000004
277,383.19961190020445,383.0553642007393,340.234286,338.234286
278,381.76399372963715,381.56574282964186,338.78742900000003,336.78742900000003
279,385.10214063759526,384.9482722822189,337.581715,335.581715
280,389.2746859780333,389.25896248523753,339.510858,337.510858
281,392.5152164073373,392.43410612327386,334.688,332.688
282,397.3201136112133,397.2487196421995,338.30514300000004,336.30514300000004
283,404.1630705381947,403.80459608254534,335.893715,333.893715
284,405.7135537807346,405.594743473948,341.681144,339.681144
285,405.6582518810328,405.731539309013,335.893715,333.893715
286,407.17962700891894,407.23438691290954,341.681144,339.681144
287,411.28761217884323,411.13351581454464,341.922286,339.922286
288,411.84247329790765,412.05081689438884,341.681144,339.681144
289,415.15098233590527,414.9842823438938,341.922286,339.922286
290,415.82318596254095,415.6337985230612,334.688,332.688
291,420.05810155212714,419.892017039787,334.446857,332.446857
292,423.3462113102937,423.37283474744754,328.900571,326.900571
293,427.06173772560635,426.82309669843585,337.581715,335.581715
294,421.6278694229112,421.8260955303796,334.446857,332.446857
295,424.4768620975249,424.49957622923506,339.75200099999995,337.75200099999995
296,425.85959331268685,425.80975690098103,338.78742900000003,336.78742900000003
297,421.400267914109,421.7501955549484,343.128001,341.128001
298,420.25508558210043,420.13301660247055,344.574858,342.574858
299,418.45484959841053,418.4037586858504,339.75200099999995,337.75200099999995
300,413.859140153375,413.79932679098914,344.816001,342.816001
301,404.35316682012825,404.12912120027534,333.723429,331.723429
302,400.025108525615,400.011827498637,333.723429,331.723429
303,394.64980180498776,394.87284916440495,325.765714,323.765714
304,388.39332438364886,388.4182251719436,325.765714,323.765714
305,384.47187796113224,384.4215936280093,330.347428,328.347428
306,387.8793771201048,387.6260120283469,331.794286,329.794286
307,390.0242890979331,389.91895136928645,339.75200099999995,337.75200099999995
308,385.1545365381842,385.24183778215234,335.170286,333.170286
309,382.9934174882465,382.9920525263692,338.78742900000003,336.78742900000003
310,384.8498279022647,384.74514150913933,333.0,331.0
311,384.2389125625891,384.549525085827,328.659428,326.659428
312,383.1347342190338,383.3979907060757,328.659428,326.659428
313,385.95802249991414,385.9156871470687,326.006857,324.006857
314,389.205302200251,389.0654734819577,329.624,327.624
315,389.7362382775833,389.77617232964684,325.765714,323.765714
316,390.99520267426664,390.87204974179184,332.517714,330.517714
317,392.61702998216526,392.4841459938304,328.900571,326.900571
318,393.049185960753,393.13843089377,337.340572,335.340572
319,389.96010939840835,390.20618488591276,336.134857,334.134857
320,391.36516303452925,391.4320008512567,336.617143,334.617143
321,394.57889161570785,394.5959767429469,335.893715,333.893715
322,394.60287357337813,394.3971237662983,330.829714,328.829714
323,395.26981162758085,395.2215639172269,333.723429,331.723429
324,396.200611156678,396.1305199098156,326.006857,324.006857
325,397.03638162571747,396.92971587511335,331.070857,329.070857
326,393.8116518341435,393.7951739151187,328.177142,326.177142
327,392.80022419620695,392.9385331939901,334.688,332.688
328,398.136954983499,398.00860231731497,333.96457200000003,331.96457200000003
329,400.9680285441232,400.7460351535402,333.723429,331.723429
330,405.60267033478647,405.57542144624125,334.688,332.688
331,411.4369162715958,411.28927792743184,328.177142,326.177142
332,415.09375528948965,415.2286883889856,335.893715,333.893715
333,417.94079684059557,418.1205929315921,329.624,327.624
334,419.60258894460844,419.2338907009557,331.794286,329.794286
335,415.4625579410713,415.61163175738005,331.794286,329.794286
336,416.1668039834127,415.8108820372178,330.829714,328.829714
337,416.2488041389279,416.66885578818113,333.0,331.0
338,417.21372699741875,417.4255539636928,330.347428,328.347428
339,420.3361147447288,420.4610768610174,334.688,332.688
340,420.156150377551,420.17997578289743,330.106285,328.106285
341,422.5643357577486,422.5141744500312,339.028572,337.028572
342,423.23939915312906,423.35854337802016,333.241143,331.241143
343,423.2216744833345,422.9442720972543,335.893715,333.893715
344,417.8808004540856,417.76657712472837,328.659428,326.659428
345,414.32880343701754,413.86773378015437,326.489142,324.489142
346,410.92040339193113,410.51526880562466,322.389713,320.389713
347,403.0576695150743,402.73014983321343,317.325713,315.325713
348,400.20168274956495,400.3111624790636,323.836571,321.836571
349,399.047240374465,398.66752393803716,321.425142,319.425142
350,398.9799094112616,399.1277566874098,333.0,331.0
351,399.9662506164552,400.20614053878717,333.723429,331.723429
352,399.91162425422766,400.0406819818626,334.446857,332.446857
353,403.2082426416549,403.0713378721356,337.581715,335.581715
354,402.2730411327084,402.451344019544,328.900571,326.900571
355,402.8644512900041,403.29352221208313,330.347428,328.347428
356,405.7039154797267,406.24918911229724,320.942856,318.942856
357,412.1365179195709,412.541663410361,321.666285,319.666285
358,416.4122321947981,416.506418958975,323.113142,321.113142
359,422.55619124344423,422.7160569573642,323.113142,321.113142
360,427.7693813879441,428.00545008828755,327.453714,325.453714
361,431.9804505651507,432.28904604244553,323.113142,321.113142
362,437.67889676819783,437.44867490263414,329.624,327.624
363,441.35707023416967,441.4612270235823,326.489142,324.489142
364,448.0861383308054,448.00459199584594,327.453714,325.453714
365,452.8980563063069,452.9493229265302,324.318856,322.318856
366,456.21257314727336,455.61033184824305,316.226892,314.226892
367,460.47350719168116,460.1241779764873,324.559999,322.559999
368,460.81196090611115,460.5763038324339,323.836571,321.836571
369,463.5245026271173,463.1505361949417,333.723429,331.723429
370,465.0960988556685,464.9479317134381,326.489142,324.489142
371,467.991717218981,467.9223015077665,330.829714,328.829714
372,467.4736773788745,467.05894779544036,328.659428,326.659428
373,468.4050833662477,468.2354562680294,329.624,327.624
374,470.95518924578744,470.7373732983649,327.453714,325.453714
375,468.58589158863106,468.2091116265673,327.453714,325.453714
376,468.2691150690794,468.0472801224722,332.517714,330.517714
377,469.41789489714915,469.51615942922143,333.241143,331.241143
378,470.9864667811113,470.63834787642674,337.581715,335.581715
379,464.7069252598646,464.7237068853883,334.688,332.688
380,464.35938497835923,464.441626136505,331.55314300000003,329.55314300000003
381,463.18988645031203,462.7692633747798,330.347428,328.347428
382,449.8742801143076,449.85821653174503,328.659428,326.659428
383,448.18117570228833,447.8547613763087,334.688,332.688
384,441.69574076694244,441.05727625342,332.517714,330.517714
385,434.8266702329647,434.5058237965377,334.688,332.688
386,427.437861382876,427.1984277452114,333.0,331.0
387,430.7938452741099,430.46390643565934,333.0,331.0
388,431.97677258163185,431.6011940022313,333.241143,331.241143
389,428.2902554923488,428.1984708951874,331.794286,329.794286
390,429.4425840410703,429.1276001292946,337.340572,335.340572
391,427.30677317725895,427.25175157615996,334.446857,332.446857
392,426.6986722628087,426.5697880170572,339.510858,337.510858
393,416.8196377047632,416.99654563148346,338.064,336.064
394,415.17637468931173,415.20955773387016,336.617143,334.617143
395,415.4257592580766,415.12902997706425,331.070857,329.070857
396,416.27556259087805,415.8982081175928,327.453714,325.453714
397,418.0221882736164,417.9219222903725,335.411429,333.411429
398,418.7507742190246,418.30880868737444,327.453714,325.453714
399,418.88875968692355,418.6161622613609,336.134857,334.134857
400,413.0287962707225,413.20292318713564,333.241143,331.241143
401,413.51056392791315,413.6981245542715,339.510858,337.510858
402,411.08357940680736,411.1478928212894,338.064,336.064
403,406.4655647576367,406.28677930557797,339.510858,337.510858
404,403.2874076257938,403.00210182906255,342.40457200000003,340.40457200000003
405,398.74295335169717,398.6560289987161,338.78742900000003,336.78742900000003
406,397.6280028681625,397.66471810998974,341.681144,339.681144
407,392.23684739634507,392.57244349053906,335.893715,333.893715
408,395.33330351231837,395.25647180202446,340.475429,338.475429
409,391.24715503805805,390.9467263057344,335.893715,333.893715
410,386.3914780466549,386.30532151872296,336.134857,334.134857
411,380.63080873695617,380.74160821859425,335.170286,333.170286
412,379.0627579756806,379.00476814308826,333.723429,331.723429
413,381.30897678822146,381.46197224761863,335.411429,333.411429
414,380.85142681794935,380.8912367092506,333.0,331.0
415,381.6318238636483,381.76307888770305,344.092572,342.092572
416,380.5930641035343,380.8440981635139,344.816001,342.816001
417,381.65167491679097,381.6880311180282,349.156573,347.156573
418,375.92217932680086,376.22925933499323,350.36228700000004,348.36228700000004
419,378.41040415702275,378.5624074629562,351.809144,349.809144
420,379.11656241085916,379.11083314833337,356.873145,354.873145
421,379.4538242238632,379.8048027098372,354.220573,352.220573
422,380.51316080543427,380.6784331184377,357.596573,355.596573
423,378.5922220165905,378.6146169505396,354.702859,352.702859
424,377.5247929415425,377.5650017002221,358.320002,356.320002
425,372.63157421605547,372.6732572454755,352.77371600000004,350.77371600000004
426,367.69876455405785,367.7503832706062,354.702859,352.702859
427,360.39166875992737,360.6969872520576,354.944002,352.944002
428,354.50871496194884,354.3396222845477,355.426287,353.426287
429,345.67957066214774,345.7422114803567,359.284573,357.284573
430,333.7811706160325,333.8744800136475,356.149716,354.149716
431,330.1734698022091,330.1144905120529,357.837716,355.837716
432,322.6543597733229,322.60992405944137,355.66743,353.66743
433,315.85732093261356,316.0307247907083,360.008002,358.008002
434,307.46821525995756,307.62550195328265,356.149716,354.149716
435,304.35554256632577,304.5093631218171,353.97943,351.97943
436,301.3479588278343,301.43993694693023,351.809144,349.809144
437,296.53148624307534,296.54339372289763,351.809144,349.809144
438,294.4207792184857,294.6786602460604,354.220573,352.220573
439,296.2830675705158,296.3737710251803,351.809144,349.809144
440,297.8708913915731,297.92373129837375,356.149716,354.149716
441,292.69296279796794,292.9323525714309,348.91543,346.91543
442,294.4539560183132,294.6681055530893,347.709715,345.709715
443,299.6408404654493,299.5796632485731,350.36228700000004,348.36228700000004
444,298.7416807375711,299.09863992968184,348.91543,346.91543
445,299.74008276112056,300.06568469846695,351.085716,349.085716
446,303.7712506791251,303.88812775531864,349.156573,347.156573
447,305.8434712037694,305.93425139719466,354.702859,352.702859
448,305.45696220901164,305.592202672266,349.638858,347.638858
449,305.8838464648916,306.02106368061965,356.390859,354.390859
450,304.6162505585163,304.82048169358774,350.60343,348.60343
451,303.5883038908927,303.5808637261949,350.36228700000004,348.36228700000004
452,299.9017938224249,299.95020378545513,345.298287,343.298287
453,300.0287681994576,300.1385929450343,339.028572,337.028572
454,298.0109426954625,298.1012297278246,343.128001,341.128001
455,292.7443065954028,293.03100687312053,337.581715,335.581715
456,286.9355961738605,287.2409800938043,343.128001,341.128001
457,286.88769042644265,287.13117678407247,339.75200099999995,337.75200099999995
458,285.35080043354316,285.71779919370135,354.944002,352.944002
459,280.08029286283386,280.4209707011019,347.709715,345.709715
460,277.92734334671775,278.2902786533582,351.085716,349.085716
461,277.0094862773474,277.4279771054225,348.192001,346.192001
462,279.4177663979588,279.3708858935933,348.91543,346.91543
463,277.0514994340688,277.5380024760607,344.574858,342.574858
464,277.42577945153084,277.8419792182723,344.092572,342.092572
465,278.56236024406064,278.8505874712022,341.681144,339.681144
466,278.761404935988,278.97227465694795,338.064,336.064
467,279.29221111067073,279.3090684057756,340.234286,338.234286
468,279.400864290888,279.6224569811656,338.064,336.064
469,280.3316807637477,280.3410087284101,343.851429,341.851429
470,283.6394830185877,284.10802187495506,338.30514300000004,336.30514300000004
471,287.8227795209144,288.1660341271406,344.574858,342.574858
472,290.25110043345194,290.70238856593556,341.922286,339.922286
473,294.45964942026615,294.6173209901638,339.028572,337.028572
474,299.2079157515641,298.95546933224006,338.064,336.064
475,300.7020697338995,300.7958347931839,335.170286,333.170286
476,301.8584321953265,302.09331803954365,341.922286,339.922286
477,299.999037227738,300.5572263592208,337.581715,335.581715
478,304.2705307507931,303.86953380275605,342.40457200000003,340.40457200000003
479,311.04674821084177,311.1248461151178,339.028572,337.028572
480,319.57137503999115,319.59797372497366,342.40457200000003,340.40457200000003
481,322.7712609549707,323.026441912468,338.064,336.064
482,326.74865255764325,327.2488997591012,342.40457200000003,340.40457200000003
483,329.1862852396214,329.1511329577481,340.234286,338.234286
484,331.7649087812655,332.01868292487814,339.028572,337.028572
485,333.8524737856708,334.269600217636,338.78742900000003,336.78742900000003
486,339.68623831964464,339.51109842100504,336.858286,334.858286
487,347.0446883520069,347.02947552961336,340.957715,338.957715
488,350.6795715633343,350.8900138782502,339.510858,337.510858
489,353.91294869039643,354.25359085743605,341.19885800000003,339.19885800000003
490,355.88274045386737,355.9098028877205,341.922286,339.922286
491,356.57609946937276,356.7125120593059,345.53943,343.53943
492,359.27726969312425,359.44408582435665,344.574858,342.574858
493,362.55247746767486,362.8265929333125,341.19885800000003,339.19885800000003
494,368.1555032713226,368.1688964415724,342.645715,340.645715
495,369.5975520267859,369.44292888397484,336.858286,334.858286
496,370.196552692145,370.321663714076,340.234286,338.234286
497,370.68066454500735,370.8316051091271,332.517714,330.517714
498,371.5795631974525,371.5398364298566,337.340572,335.340572
499,370.5406342857923,370.43622289398314,333.723429,331.723429
500,373.3266219338602,373.51883716230594,333.0,331.0
501,379.74742047500695,379.6929840625417,336.858286,334.858286
502,384.62943886112,384.9059963551082,331.794286,329.794286
503,390.71108765390863,390.7007544256525,333.96457200000003,331.96457200000003
504,397.1255027481343,397.2757859454464,333.96457200000003,331.96457200000003
505,400.222840998234,400.2782476124642,340.234286,338.234286
506,399.82203682886825,400.03707179377557,335.411429,333.411429
507,402.10058551240246,402.0456048321057,338.78742900000003,336.78742900000003
508,404.4417339940218,404.591670125092,337.340572,335.340572
509,406.42339265952063,406.5777603282649,338.064,336.064
510,407.6649538469983,407.7958409574145,335.170286,333.170286
511,410.76511932366066,410.347116584192,330.106285,328.106285
512,413.0813273117097,413.04459778843284,330.106285,328.106285
513,410.4269284257156,410.33516234766046,325.283428,323.283428
514,410.69651832161094,410.48691672076484,330.829714,328.829714
515,408.9115852824324,408.84761250447383,331.070857,329.070857
516,408.5630046602533,408.6386185257416,337.581715,335.581715
517,406.3387874548289,406.34905226907375,335.411429,333.411429
518,408.55681900979073,408.2567435429363,334.688,332.688
519,410.5400463376467,410.40350104661803,337.581715,335.581715
520,411.0058636550052,411.22680470829994,327.453714,325.453714
521,411.7399505894034,411.8185038830804,332.517714,330.517714
522,408.495004895398,408.61422947619616,328.659428,326.659428
523,408.06710989806106,407.9221990569026,333.723429,331.723429
524,403.01240133984356,403.15774854624766,334.688,332.688
525,402.41134341997633,402.5823844483484,338.30514300000004,336.30514300000004
526,404.4069040677423,404.3187512446746,339.75200099999995,337.75200099999995
527,406.587857350373,406.63628331022176,333.723429,331.723429
528,411.1282782462936,410.80217429443786,335.411429,333.411429
529,408.7738326190197,408.86541595203926,329.382857,327.382857
530,408.7483651105514,408.7135626157689,334.446857,332.446857
531,405.6906703952661,405.73048662887567,330.829714,328.829714
532,404.67678660330495,404.84536664739005,337.581715,335.581715
533,400.6029826103396,400.83226547672206,333.96457200000003,331.96457200000003
534,406.51976911413294,405.9008623118874,334.688,332.688
535,405.30983477670316,405.33778608857784,336.858286,334.858286
536,405.35003895187367,405.33133538798273,331.55314300000003,329.55314300000003
537,406.60119617157744,406.5807656981213,336.617143,334.617143
538,403.07546838766393,403.1928418215972,332.517714,330.517714
539,403.5917014446778,403.38036431990673,338.064,336.064
540,400.4723156722346,400.2376901084299,328.177142,326.177142
541,399.763243293967,399.5699310583148,325.765714,323.765714
542,398.17793669757964,398.0140694377492,326.489142,324.489142
543,397.3743223068882,397.10626855151895,326.73028500000004,324.73028500000004
544,398.64762102471514,398.84705799231784,330.106285,328.106285
545,398.655283002975,398.3313374107905,325.283428,323.283428
546,398.75453813337253,398.81933670234235,331.794286,329.794286
547,401.8076114373448,401.772456179673,326.73028500000004,324.73028500000004
548,408.2986603137714,408.33163078128473,332.276571,330.276571
549,414.69456949328924,414.2218219653354,326.489142,324.489142
550,419.1156245580503,418.9760763470436,331.55314300000003,329.55314300000003
551,422.1743115376435,422.2467323145628,327.212571,325.212571
552,424.53330489988184,424.5235849288651,330.347428,328.347428
553,425.0031233299794,424.78970605080985,333.241143,331.241143
554,430.4718136602078,430.57813764865386,326.73028500000004,324.73028500000004
555,436.4892637786925,436.87553989324545,328.900571,326.900571
556,440.31229792293243,439.9838406516605,325.042285,323.042285
557,443.0309698670685,442.6739260671216,327.936,325.936
558,442.6553592197779,442.380263811664,323.595428,321.595428
559,446.67580671830774,446.7358409172905,325.283428,323.283428
560,445.9206017586787,445.95410595609155,325.765714,323.765714
561,443.98425974191406,444.07920401094486,325.042285,323.042285
562,444.76948877392556,444.68574123653724,328.900571,326.900571
563,447.29664264393546,447.0922784563056,324.318856,322.318856
564,449.9296419234237,449.9070657976044,328.900571,326.900571
565,445.530586479622,445.56041385908225,325.042285,323.042285
566,447.9937414795781,447.84071835954705,327.212571,325.212571
567,448.3880435514235,448.3666358879084,323.113142,321.113142
568,448.3796391237199,448.36732763438647,324.559999,322.559999
569,445.2361225083796,445.2637353642583,330.106285,328.106285
570,447.34021056950655,447.4647584371994,326.006857,324.006857
571,450.9304603329824,451.2002586848955,326.489142,324.489142
572,451.3178926210211,451.0641435736419,322.389713,320.389713
573,453.12485518631047,452.7600564876599,325.283428,323.283428
574,450.43207362140765,450.597994396791,322.389713,320.389713
575,453.1731114897523,452.72983587296926,319.49599900000004,317.49599900000004
576,453.63096208539673,453.5307353878069,322.871999,320.871999
577,455.2944207325917,455.2316033181498,322.389713,320.389713
578,454.12323918004176,453.99588624787356,327.936,325.936
579,452.67069711613203,451.35554705524646,323.595428,321.595428
580,446.38447017691306,445.68563833211687,330.347428,328.347428
581,432.7619639618591,432.5947366179111,327.453714,325.453714
582,428.3193744655782,428.4465020484306,327.453714,325.453714
583,426.54627253637955,426.18690678892216,322.148571,320.148571
584,423.643588568465,423.184042378777,318.77257000000003,316.77257000000003
585,419.6895633637091,420.1972977354332,319.49599900000004,317.49599900000004
586,419.9308835161264,419.9909771088449,317.08457000000004,315.08457000000004
587,420.9208495061339,420.6602300634597,319.254856,317.254856
588,416.7882642099662,417.0131748949234,318.531427,316.531427
589,416.9895234003809,417.00578672721406,322.148571,320.148571
590,417.65734504025954,417.67681966793447,329.624,327.624
591,419.307519804453,419.45802606689875,323.836571,321.836571
592,420.7164620548694,420.8832803218643,330.829714,328.829714
593,426.2816900028545,425.86618386194885,319.49599900000004,317.49599900000004
594,428.3256003407196,428.56817823536903,320.942856,318.942856
595,427.50468815985636,427.59368731218046,318.049142,316.049142
596,429.6243239633618,429.7389921140284,317.08457000000004,315.08457000000004
597,431.7854722182783,431.55738192946063,324.318856,322.318856
598,434.0591411013289,433.98305592954137,320.701713,318.701713
599,436.53234598889776,436.5564687925383,327.212571,325.212571
600,436.4772151804684,436.18236210684165,325.283428,323.283428
601,437.43308163123214,437.32528906670575,327.212571,325.212571
602,436.7146714854455,436.8594854127745,320.219428,318.219428
603,436.81134796539936,436.5826271211253,317.08457000000004,315.08457000000004
604,434.7327374560558,434.61893426769126,317.325713,315.325713
605,430.6578128411729,430.0268166445468,313.467427,311.467427
606,422.9198657059553,423.03099889902006,323.595428,321.595428
607,410.6643407607696,410.7452753353673,322.871999,320.871999
608,406.83106138212673,406.9056456781644,327.212571,325.212571
609,402.8370936262088,403.0824271982836,327.936,325.936
610,395.0226746191936,395.14899404289633,329.624,327.624
611,388.4695931637534,388.28991634842066,329.382857,327.382857
612,381.6943228065379,381.3880533907211,320.219428,318.219428
613,374.75778221176523,374.66422093163294,325.283428,323.283428
614,362.2857721266532,362.26219506005384,315.878856,313.878856
615,355.49021555519994,355.89583265317674,320.942856,318.942856
616,352.2071414211823,352.61860289050003,319.49599900000004,317.49599900000004
617,349.37651801759324,349.51600900704454,321.425142,319.425142
618,342.4941290246443,342.93470624888124,330.347428,328.347428
619,343.2346511448013,343.7159469520411,326.489142,324.489142
620,343.4024785728764,343.5197685741265,330.106285,328.106285
621,338.450654854577,338.79790632166254,326.006857,324.006857
622,335.81901106993723,336.05994216078886,328.659428,326.659428
623,331.90076724037226,332.7558008550181,324.559999,322.559999
624,335.0969978480425,335.58186778762047,315.637713,313.637713
625,336.31122583114757,336.075478430699,319.254856,317.254856
626,332.3535936206313,332.4000604855458,312.261713,310.261713
627,334.97552778705335,335.51166465302674,317.08457000000004,315.08457000000004
628,340.3577144890554,340.6283279045573,319.49599900000004,317.49599900000004
629,339.1713109421661,339.48613199622383,322.871999,320.871999
630,339.58599393619215,339.7354968803157,329.382857,327.382857
631,342.49246207009094,342.5313766081927,324.318856,322.318856
632,345.56486171161197,345.5199782536367,330.829714,328.829714
633,346.1218415322146,346.3111117506205,321.425142,319.425142
634,351.5683760922402,352.4959346372219,320.942856,318.942856
635,355.4890422374074,356.36296581680267,315.637713,313.637713
636,360.6212824644558,360.5190777562249,309.126855,307.126855
637,361.6110403068242,361.96507377497824,317.325713,315.325713
638,360.3951478154031,360.79589603299985,314.190856,312.190856
639,363.7267482792682,363.5090964082669,324.559999,322.559999
640,360.86748462898174,360.98057981128795,317.325713,315.325713
641,362.15185637384684,362.2760833316849,321.666285,319.666285
642,368.30251543277404,368.1252414736634,319.254856,317.254856
643,369.1398193722407,369.1983744822306,319.978285,317.978285
644,368.04833871085066,368.3375070351467,319.254856,317.254856
645,371.05059516727533,371.16580339424524,314.431999,312.431999
646,372.21729792385344,372.2707220053409,319.254856,317.254856
647,367.46272808992524,367.4401997534826,315.637713,313.637713
648,369.57967368620507,369.6133778172625,322.871999,320.871999
649,372.7680660602796,372.5385864115228,322.389713,320.389713
650,373.87096376480815,373.8195155324215,318.049142,316.049142
651,376.7964554449609,376.5935079743715,325.283428,323.283428
652,376.0639366592027,376.5585371392254,317.08457000000004,315.08457000000004
653,379.80586255038696,379.8553864963102,321.666285,319.666285
654,381.36916089518127,380.95125625143504,314.190856,312.190856
655,381.6367993113038,381.6928622486816,320.701713,318.701713
656,383.76391375296134,383.5870934898416,319.978285,317.978285
657,386.69193438890375,386.6378355035093,320.219428,318.219428
658,386.74172124253494,386.496978329163,326.73028500000004,324.73028500000004
659,383.31286529784666,382.90200268016713,322.148571,320.148571
660,382.6989964364128,382.69369030382524,328.900571,326.900571
661,383.44084745991165,383.4694572761487,322.871999,320.871999
662,380.15216891182445,379.41101638201195,324.318856,322.318856
663,366.5522813860498,366.1426768670529,320.942856,318.942856
664,366.40296660693,365.6656083012382,325.283428,323.283428
665,362.4728685573989,362.093394972532,326.006857,324.006857
666,360.9062476564286,360.43401607082774,319.254856,317.254856
667,363.230854260677,362.9218039542989,327.212571,325.212571
668,362.3767131840942,362.2850466878029,321.425142,319.425142
669,360.1049843478857,360.08133902885726,327.453714,325.453714
670,352.81961811938726,352.9460522566902,324.559999,322.559999
671,352.1742169284867,352.1866831599923,326.489142,324.489142
672,351.93738770301184,352.199053484243,325.765714,323.765714
673,349.8495057994039,350.21625047650326,320.219428,318.219428
674,349.2652751036467,349.5482016496119,322.389713,320.389713
675,350.783696183831,350.9642182876854,317.807999,315.807999
676,355.03764453915267,355.16594027512144,320.942856,318.942856
677,357.23112609077975,357.4496001872884,318.531427,316.531427
678,366.8819800224071,367.01701650667417,324.318856,322.318856
679,377.253606248771,377.18237389071265,331.794286,329.794286
680,384.6130330321476,384.35538773642435,332.276571,330.276571
681,389.33890675760415,388.9397131003986,338.064,336.064
682,395.2121338351493,394.78549756294996,333.241143,331.241143
683,399.5978016664369,399.6917049100939,336.617143,334.617143
684,399.24417979296163,399.3190831774595,326.489142,324.489142
685,402.8884372061011,402.8050324520038,331.55314300000003,329.55314300000003
686,407.1564453174851,406.68928556016897,323.595428,321.595428
687,404.90974633894814,404.6646541661983,324.318856,322.318856
688,403.3512798644563,403.4242029208854,328.659428,326.659428
689,403.3287688187335,403.26016295380424,328.659428,326.659428
690,404.8038057681408,404.8395685103922,334.446857,332.446857
691,405.215376198875,404.9918271344887,327.453714,325.453714
692,403.5973232920095,403.34367972723277,330.829714,328.829714
693,392.71257718063,392.6223628518848,326.006857,324.006857
694,388.73342466545864,388.437953097098,327.453714,325.453714
695,389.16001742492745,388.6611281569392,327.212571,325.212571
696,386.84863545374265,386.73379198150894,327.212571,325.212571
697,386.70037948874904,386.4452570058516,331.070857,329.070857
698,376.3307409223671,376.48711194905076,325.765714,323.765714
699,375.68815379053046,375.80297482742094,334.446857,332.446857
700,378.43618929462673,378.9899985830831,335.411429,333.411429
701,376.4593260862514,376.54696324108176,330.347428,328.347428
702,373.14602087071535,373.2043040854121,328.900571,326.900571
703,371.9995842007829,371.8767017109325,326.006857,324.006857
704,373.69500897350406,374.2676720027572,326.006857,324.006857
705,375.46027102396965,375.4233080369864,321.666285,319.666285
706,380.2042363075418,380.0193491734556,322.389713,320.389713
707,385.16711417012675,384.9063288161044,333.96457200000003,331.96457200000003
708,387.0814385173756,386.96306282557487,330.829714,328.829714
709,388.30397843840785,388.2208749824289,343.369144,341.369144
710,392.4882352614868,392.0663136176342,339.028572,337.028572
711,392.9618502158819,392.9754156909016,348.91543,346.91543
712,390.7866423894609,390.74956507604065,342.40457200000003,340.40457200000003
713,393.4286241624927,393.27840783315474,343.851429,341.851429
714,395.59928812700286,395.7590630794953,341.681144,339.681144
715,390.20420298073645,390.16521166427776,333.96457200000003,331.96457200000003
716,387.520452695152,387.3625625382227,339.75200099999995,337.75200099999995
717,390.8501586969537,390.5356536493506,333.723429,331.723429
718,390.8200591718774,390.829878926629,336.858286,334.858286
719,384.91867965112164,384.8496729507834,336.617143,334.617143
720,385.60580962719996,385.4434088183973,343.369144,341.369144
721,384.7283762793442,384.603907825952,342.40457200000003,340.40457200000003
722,378.97766123703116,378.8402193960645,340.475429,338.475429
723,376.58640463399183,376.5648506763388,343.851429,341.851429
724,374.01766030975455,374.1788133928029,335.411429,333.411429
725,374.5361406302329,374.67572064640734,339.75200099999995,337.75200099999995
726,369.8898223372264,370.1016994405139,336.858286,334.858286
727,373.0759226880116,373.00185183856865,340.475429,338.475429
728,372.28030692979723,372.28824970594394,340.957715,338.957715
729,367.96298730757354,367.99360780329226,341.681144,339.681144
730,364.02590949896717,363.89669925507957,344.574858,342.574858
731,360.878791970288,360.85157779954915,336.134857,334.134857
732,359.4919699807999,359.4085734261051,336.134857,334.134857
733,356.1425860777608,355.744653399708,330.829714,328.829714
734,352.84076220898214,353.0689909097216,333.0,331.0
735,346.452121971187,346.5981827291824,331.070857,329.070857
736,348.8175909638426,348.71937491421687,336.617143,334.617143
737,348.3400388098628,348.20510259746345,339.75200099999995,337.75200099999995
738,349.282154528459,349.32481531184004,341.922286,339.922286
739,351.7987315591389,351.77455683910597,349.638858,347.638858
740,351.60387434441645,351.6798410776894,346.745144,344.745144
741,354.19060308806104,354.03184123958255,349.638858,347.638858
742,348.9773975032572,349.1497224437976,340.957715,338.957715
743,347.53058605272963,347.60551346749986,346.021715,344.021715
744,344.01867718062726,344.0880566455704,339.028572,337.028572
745,344.2357266726624,344.009915675752,341.922286,339.922286
746,342.48397301413416,342.4584104136547,339.75200099999995,337.75200099999995
747,340.80371425936,340.8798016858779,340.234286,338.234286
748,340.28756719013955,340.4300473290667,340.475429,338.475429
749,343.0043972818024,342.88194782873313,334.446857,332.446857
750,343.13780728997097,343.2339872327962,338.30514300000004,336.30514300000004
751,336.74023044340856,337.06705850809726,333.723429,331.723429
752,337.0484545940692,336.79613143684884,341.19885800000003,339.19885800000003
753,332.15490937725804,332.4708542184384,337.340572,335.340572
754,332.3764663927142,332.2494297171798,340.234286,338.234286
755,329.1319860361556,329.0065369040496,339.028572,337.028572
756,327.67291804295087,327.67378827395424,340.475429,338.475429
757,327.91421916611466,327.8177686047972,336.858286,334.858286
758,328.0395405131251,327.67334562435224,328.900571,326.900571
759,328.63076233372215,328.6421895928329,330.106285,328.106285
760,327.98634690295546,327.7567256133146,326.006857,324.006857
761,328.38460939651895,328.2403822738428,330.347428,328.347428
762,329.76716126036365,330.0497915241007,329.624,327.624
763,333.50651061115923,333.66117740557246,335.170286,333.170286
764,336.21331493592606,335.9328029360941,339.75200099999995,337.75200099999995
765,339.677903445325,339.5704961834668,335.893715,333.893715
766,343.2201292805995,343.3213160912219,339.75200099999995,337.75200099999995
767,342.786068953797,342.5459298451601,333.723429,331.723429
768,345.13025079325695,345.1368372556653,337.340572,335.340572
769,346.90059552957655,347.28190909392714,330.347428,328.347428
770,351.00733930209515,351.0855685419762,332.517714,330.517714
771,354.96657180574675,355.0365019124845,331.55314300000003,329.55314300000003
772,361.19184331052156,361.1958646723501,330.106285,328.106285
773,367.0006261314081,366.705306518521,331.070857,329.070857
774,370.23839485642725,370.07186542918197,331.55314300000003,329.55314300000003
775,374.41512460147305,374.3457279652619,333.96457200000003,331.96457200000003
776,375.950973770804,376.02384535625765,334.446857,332.446857
777,379.8581016699915,379.7945967563597,339.510858,337.510858
778,380.25091376303317,380.2922741821451,337.581715,335.581715
779,382.7325274999427,382.9552942421653,340.475429,338.475429
780,385.94447761041243,385.9426139899434,336.617143,334.617143
781,391.1513473178827,391.0635581670242,334.446857,332.446857
782,397.4304899203944,397.31969880281946,330.347428,328.347428
783,398.96700720743615,398.71658347169677,329.624,327.624
784,401.36255992727,401.2638410732889,333.0,331.0
785,401.04657341649045,400.74995686591353,331.55314300000003,329.55314300000003
786,401.9523653581216,401.99492513119577,336.617143,334.617143
787,408.65320400131384,408.46199556851724,333.96457200000003,331.96457200000003
788,413.50183309693523,413.5427529031642,340.957715,338.957715
789,420.4170316008931,419.9497935437345,344.574858,342.574858
790,419.266271768655,419.2679690084793,344.574858,342.574858
791,422.0695096688935,421.599730186736,348.433144,346.433144
792,421.62145426758343,421.8050831590642,345.53943,343.53943
793,424.51594126099394,424.8648091962399,344.816001,342.816001
794,423.1111471106743,423.2231660186577,340.234286,338.234286
795,423.03334098557775,422.92141878027536,344.574858,342.574858
796,423.3560665575674,423.35122648448623,339.028572,337.028572
797,424.021471723275,423.8221410152744,341.922286,339.922286
798,424.19540513582325,423.8135949008663,341.681144,339.681144
799,416.8427620066916,417.17886346798633,343.128001,341.128001
800,412.5063448341796,412.3645827600063,347.709715,345.709715
801,410.3161235726184,410.2732649995124,341.19885800000003,339.19885800000003
802,407.5830106191106,407.5287581797784,344.574858,342.574858
803,402.72015066153176,402.8634547135114,340.957715,338.957715
804,400.2390111422707,400.28892232551027,346.745144,344.745144
805,399.40105726704974,399.46877363869476,340.234286,338.234286
806,400.8769928369812,400.8428084944338,337.581715,335.581715
807,401.42905779299724,401.1834736620611,338.78742900000003,336.78742900000003
808,396.4690178180633,396.586513257911,336.134857,334.134857
809,396.5030365030043,396.1148105634797,335.170286,333.170286
810,392.2421633822305,392.86026540779994,329.382857,327.382857
811,393.7185716653148,393.47265559456315,333.723429,331.723429
812,394.9549556132954,395.15259093369946,331.794286,329.794286
813,397.9188193889129,397.877304313041,335.893715,333.893715
814,400.3344666538778,400.1547819744179,335.893715,333.893715
815,404.0837960278309,403.9674030955691,340.234286,338.234286
816,407.1971391704719,406.67108780138625,338.30514300000004,336.30514300000004
817,403.9322006208593,404.09666812872433,333.0,331.0
818,404.1247759802492,404.21580289868353,337.340572,335.340572
819,404.72892917717763,404.6599481065968,327.453714,325.453714
820,408.01051951595673,407.8198062676864,330.106285,328.106285
821,402.65143088205787,402.15024155657636,325.042285,323.042285
822,404.7911919996277,404.3609655913111,331.070857,329.070857
823,406.3458146225286,406.432666562482,327.212571,325.212571
824,408.78897266020476,408.5233733402278,328.900571,326.900571
825,410.76797659636577,410.41388899800126,331.070857,329.070857
826,412.6473000732074,412.4865958177528,326.006857,324.006857
827,413.15691248204644,412.7975961900528,335.170286,333.170286
828,410.79879707797863,410.2889178083691,329.624,327.624
829,412.8462803533962,412.81211898038373,333.241143,331.241143
830,414.56765625334765,414.0646669334416,323.113142,321.113142
831,417.1467400209859,417.1935416620938,324.318856,322.318856
832,420.71431356967514,420.4062029504306,323.595428,321.595428
833,423.55628754723875,423.35343931309313,320.701713,318.701713
834,420.2887956747784,420.36312859902114,323.595428,321.595428
835,423.69135223948535,423.50784513797953,328.900571,326.900571
836,423.9751552535488,423.6402408960326,331.55314300000003,329.55314300000003
837,419.6060438125427,419.20279289088694,333.0,331.0
838,416.502511625549,416.8851866515211,332.517714,330.517714
839,420.4491060904609,420.32189618448933,328.177142,326.177142
840,421.9681769818558,421.99636400905115,329.624,327.624
841,424.04508633077995,423.7982552227845,325.765714,323.765714
842,423.32037685147407,422.8859575500259,323.836571,321.836571
843,422.0804175005944,422.0184898114345,326.489142,324.489142
844,418.79099150825823,418.7214040208654,323.836571,321.836571
845,420.00546603609996,419.92029525589857,332.517714,330.517714
846,424.52532626085303,423.49232701720666,325.283428,323.283428
847,424.4301439245214,424.1044732952059,331.55314300000003,329.55314300000003
848,422.78402682875776,422.6992862301161,331.070857,329.070857
849,422.0105323869566,421.50479023571813,330.347428,328.347428
850,422.7701900293732,422.5293437511486,331.070857,329.070857
851,422.76796043905847,422.412482760308,331.070857,329.070857
852,420.5719946020713,420.6392112648388,328.177142,326.177142
853,419.9003842100333,420.1378949013932,326.489142,324.489142
854,422.131314635023,422.37553384482567,329.382857,327.382857
855,427.9422098420531,427.8268449281231,321.666285,319.666285
856,432.25392413494956,431.812431093961,323.113142,321.113142
857,435.57732603447766,435.6990609003846,320.942856,318.942856
858,438.1324308797588,437.9253387096265,321.666285,319.666285
859,440.04793156814003,439.6559006614646,328.177142,326.177142
860,442.8604742436678,442.43919586239497,327.453714,325.453714
861,447.2451187174174,447.588379307387,335.893715,333.893715
862,452.16165265111795,451.73040216169255,334.688,332.688
863,458.7527449085071,458.9490009316379,333.723429,331.723429
864,468.0808074581637,467.3515905047261,335.170286,333.170286
865,468.77670002521586,468.40235968243354,332.276571,330.276571
866,467.72645058400417,467.5764988397451,335.893715,333.893715
867,468.89429070142205,468.6221976323179,330.347428,328.347428
868,471.01728561720984,471.285225535549,332.517714,330.517714
869,473.59266208928466,473.5686867909893,326.73028500000004,324.73028500000004
870,477.89852609253876,477.56304117940357,327.212571,325.212571
871,480.2551167179237,480.0470821015399,331.070857,329.070857
872,477.0075069404072,476.90402339786465,328.900571,326.900571
873,477.1939181189679,476.9793742158408,341.19885800000003,339.19885800000003
874,476.7008086548083,476.3603374663726,336.617143,334.617143
875,472.1518242199263,472.51726580827994,344.816001,342.816001
876,468.06360592778105,468.30926882648674,340.475429,338.475429
877,467.95486065252726,467.7254218764539,339.028572,337.028572
878,469.1250434428197,468.84432390008186,338.064,336.064
879,463.4244099399732,463.50219945491324,330.829714,328.829714
880,462.010650637709,461.98783969617443,333.0,331.0
881,457.0266034940807,456.7277864772632,326.006857,324.006857
882,451.47043149624454,451.46141856393496,333.0,331.0
883,446.2948174521413,446.195343280553,332.517714,330.517714
884,438.2944433564735,437.69705819667513,333.96457200000003,331.96457200000003
885,430.32014239772116,430.04863901556854,337.581715,335.581715
886,428.2306306617511,427.945676225552,331.794286,329.794286
887,429.8098837565617,429.6212891443394,333.96457200000003,331.96457200000003
888,426.97310752703186,426.7748124897106,326.489142,324.489142
889,423.3901602083938,423.6350100213501,326.006857,324.006857
890,419.4061949629948,419.42661066273473,323.113142,321.113142
891,418.28255135258854,418.2726140721139,330.106285,328.106285
892,414.18892132322856,414.06994738504693,333.241143,331.241143
893,413.8958446129386,413.810510534172,332.276571,330.276571
894,415.99823120893416,416.37350603866844,333.241143,331.241143
895,415.53403557742615,415.28234134919865,326.489142,324.489142
896,417.0020945297247,416.4523398545448,331.55314300000003,329.55314300000003
897,415.76736433573205,415.38622840295864,326.006857,324.006857
898,413.834336062735,413.42701501091216,325.283428,323.283428
899,410.9539945569127,410.7962815748292,323.836571,321.836571
900,409.5990804527082,409.1653728603318,325.283428,323.283428
901,407.7939944924288,407.8509736048152,330.106285,328.106285
902,408.124737497045,408.0006497407268,327.936,325.936
903,407.8177588774817,407.6941559719882,336.134857,334.134857
904,398.2021859857199,398.02670703194144,333.241143,331.241143
905,394.52354062428384,394.3871179997886,334.446857,332.446857
906,393.976971726704,393.76186920174575,329.382857,327.382857
907,391.2031377759838,390.7015153398435,323.836571,321.836571
908,386.75125027428976,386.6878617452376,326.73028500000004,324.73028500000004
909,381.4937545134655,381.4028284617941,316.361142,314.361142
910,379.99077794085997,379.68234147497395,322.389713,320.389713
911,376.0957247351223,376.2938075641793,320.701713,318.701713
912,376.6113398795851,376.9924167010554,326.73028500000004,324.73028500000004
913,378.50290579238435,379.06771005994403,326.489142,324.489142
914,382.22373805389816,382.4971425160591,326.006857,324.006857
915,383.0528443905844,383.0702671157566,331.55314300000003,329.55314300000003
916,379.17497103439143,379.1157005345526,328.177142,326.177142
917,376.4240621466276,376.6704546891327,328.177142,326.177142
918,379.2264208764516,379.39794271133,323.113142,321.113142
919,381.367168633074,381.06799543572777,323.595428,321.595428
920,381.508051164132,381.47183378465115,329.382857,327.382857
921,382.4349544212547,382.3779912485099,326.006857,324.006857
922,382.4136484812302,382.3773870712496,332.517714,330.517714
923,378.68554030098903,378.823942688977,324.559999,322.559999
924,374.80408732284604,375.24953534768525,331.070857,329.070857
925,367.9040915520077,367.87067581218315,322.389713,320.389713
926,363.73907796424487,364.0547260152745,325.042285,323.042285
927,356.3872939645739,356.2951217034831,317.807999,315.807999
928,351.2778025517306,351.1415614839311,318.531427,316.531427
929,343.58041957706666,343.3089177609664,326.006857,324.006857
930,331.9517257166872,331.75745683019204,325.042285,323.042285
931,325.08318624071626,325.5970296793335,330.829714,328.829714
932,320.318578623157,320.0089067508831,325.283428,323.283428
933,314.878152174953,314.9709462203581,328.659428,326.659428
934,309.6769736579099,309.76829789113884,321.666285,319.666285
935,307.05089325685844,307.07814135117064,324.318856,322.318856
936,301.64370452131175,301.852286403035,324.318856,322.318856
937,295.92294386903825,296.3022636352116,321.666285,319.666285
938,291.0118615589677,291.1168964216702,323.595428,321.595428
939,288.267788904574,288.5852075989562,319.49599900000004,317.49599900000004
940,285.2317996423733,285.3526268162009,322.871999,320.871999
941,280.7584566521829,281.1470957890334,319.254856,317.254856
942,280.0515666201122,280.46721746574883,324.559999,322.559999
943,279.8576134439581,280.058508530766,325.042285,323.042285
944,282.2733591276324,282.38952051933165,320.701713,318.701713
945,288.0586252665437,288.21167404901206,325.765714,323.765714
946,294.2627095637654,294.75364616826135,319.49599900000004,317.49599900000004
947,301.13659304534485,301.7869516308596,321.666285,319.666285
948,303.72221011981037,304.1873575108659,317.325713,315.325713
949,300.0593042557798,300.23700332196404,321.425142,319.425142
950,297.2857982040968,297.34706679277275,320.942856,318.942856
951,294.57159541626515,295.0205381808427,321.666285,319.666285
952,299.2835218721084,299.3587772592612,322.871999,320.871999
953,303.141425513204,303.2566554767576,320.701713,318.701713
954,304.2419430187654,304.54200456070566,323.113142,321.113142
955,304.5238147501177,304.98262875775214,315.637713,313.637713
956,304.2480728336059,303.96202793404086,315.878856,313.878856
957,300.5633692699216,300.7802328987935,312.261713,310.261713
958,295.6105909714471,295.9111255009131,315.155427,313.155427
959,294.7287459501762,294.9217340153332,323.836571,321.836571
960,294.2731722104327,294.2978299646012,317.325713,315.325713
961,294.6104261288044,295.1176506233093,324.318856,322.318856
962,294.6749979182673,294.96125951444526,318.531427,316.531427
963,294.9083877224907,294.684499537492,323.595428,321.595428
964,297.07957773691714,297.2588736805418,317.325713,315.325713
965,294.3569261359644,294.3733728481552,315.637713,313.637713
966,289.50042104021213,289.1325194641479,312.261713,310.261713
967,290.27951268995776,290.0561746290205,309.850284,307.850284
968,289.90517641569954,289.89896284388675,313.70857,311.70857
969,288.21326007189055,287.89054849557704,314.431999,312.431999
970,290.3293221382065,290.5409756708262,326.489142,324.489142
971,296.41464038884715,297.37247268266987,325.042285,323.042285
972,296.962014746166,297.4157169311874,320.942856,318.942856
973,296.7245097327607,297.20567301118757,321.666285,319.666285
974,300.421919138857,300.4099955175979,319.978285,317.978285
975,301.2529863845325,301.3753656488385,317.325713,315.325713
976,294.0122037787678,293.87411237220186,303.339426,301.339426
977,297.96596053206304,298.22767657415346,304.062855,302.062855
978,304.6388179432215,304.0095181820586,306.233141,304.233141
979,306.64993080564454,307.5277533915578,310.573713,308.573713
980,315.7780448330461,315.5166334169451,326.73028500000004,324.73028500000004
981,327.88062666319695,327.7133481149366,324.559999,322.559999
982,332.204284735433,332.55831542228395,326.73028500000004,324.73028500000004
983,335.41312796088965,335.43437103770367,329.624,327.624
984,340.99364465109824,341.10785524955133,321.666285,319.666285
985,344.5273929895155,344.6475602950354,322.389713,320.389713
986,341.654653600217,342.69252546934524,308.64457000000004,306.64457000000004
987,345.7301872480548,345.36447888051293,312.261713,310.261713
988,347.33577389750917,347.2705843305499,310.814855,308.814855
989,346.1232496105167,346.5385047432717,310.573713,308.573713
990,349.2824951215416,349.3413547489238,323.113142,321.113142
991,355.88447174118323,355.86645307703867,317.08457000000004,315.08457000000004
992,362.99194012897567,363.19194982375075,322.148571,320.148571
993,368.2952228627546,368.18281450045725,321.425142,319.425142
994,372.3183518809862,372.4669723546642,318.77257000000003,316.77257000000003
995,373.4091578677294,373.4872876015091,320.701713,318.701713
996,372.80592214871285,373.1212547895292,316.361142,314.361142
997,376.01763788311496,376.18391686735214,323.595428,321.595428
998,378.1723106688669,378.17430333914143,315.155427,313.155427
999,380.5479486633212,380.7794831174698,314.431999,312.431999
